"NAME","ADDRESS"
"Abu Dhabi at Al Maryah Island","Abu Dhabi Global Market St. – Second, Al Maryah Island, Abu Dhabi, United Arab Emirates"
"Alexandria at San Stefano, Egypt","399 El Geish Road, P.O Box 164, Alexandria"
"Amman","5th Circle, Al-Kindi Street, Jabal Amman, 11195 Jordan"
"Anguilla","P.O. Box 8028, AI-2640 West End, Anguilla"
"Astir Palace Hotel Athens","40 Apollonos Street, Vouliagmeni, Athens, 16671"
"Atlanta","75 Fourteenth Street NE, Atlanta, Georgia 30309 U.S.A."
"Austin","98 San Jacinto Boulevard, Austin, Texas 78701-4039 U.S.A."
"Aviara, North San Diego","7210 Blue Heron Pl, Carlsbad, CA 92011"
"Bahrain Bay","Road 4606, Building 555, Block 346"
"Baku","1 Neftchilar Avenue, AZ1095 Baku, Azerbaijan"
"Baltimore","200 International Drive, Baltimore, Maryland 21202 U.S.A."
"Bangkok at Chao Phraya River","300/1 Charoen Krung Road, Sathorn, Bangkok 10120 Thailand"
"Beijing","48 Liang Ma Qiao Road, 100125 Chaoyang District, Beijing, China"
"Beirut","1418 Professor Wafic Sinno Avenue"
"Bengaluru at Embassy ONE","8, Bellary Road, Ganganagar, Bengaluru, Karnataka, 560032"
"Beverly Wilshire, A Four Seasons Hotel","9500 Wilshire Boulevard, Beverly Hills, California 90212"
"Bogotá","Carrera 13 # 85–46, Bogota DC, Colombia"
"Bora Bora","Motu Tehotu - BP 547, 98730, Bora Bora, French Polynesia"
"Istanbul at the Bosphorus","Çırağan Cad. No. 28, Beşiktaş"
"Boston","200 Boylston Street, Boston, Massachusetts 02116"
"Budapest","Széchenyi István tér 5-6."
"Buenos Aires","1086/88 Posadas"
"Cairo at The First Residence","35 Giza Street, Giza, Egypt, 12311"
"Cairo at Nile Plaza","1089 Corniche El Nil, 11519 Garden City, Cairo, Egypt"
"Grand-Hôtel du Cap-Ferrat","71 Boulevard du Général de Gaulle, 06230 Saint-Jean Cap-Ferrat, Côte d’Azur, France"
"Casablanca","Anfa Place Living Resort, Boulevard de la Corniche"
"Casa Medina Bogotá","Avenida Carrera 7 #69a-22, Bogota DC, Colombia"
"Chiang Mai","502 Moo 1, Mae Rim-Samoeng Old Road, Chiang Mai 50180 Thailand"
"Chicago","120 East Delaware Place, Chicago, Illinois 60611-1443, USA"
"Peninsula Papagayo, Costa Rica","26Km al Norte del Doit Centre Liberia, Peninsula Papagayo, 5000 Carrillo, Guanacaste, Costa Rica"
"Denver","1111 14th Street, Denver, Colorado 80202 U.S.A."
"Doha","The Corniche, P.O. Box 24665, Doha, Qatar"
"Dubai International Financial Centre","Gate Village, Building 9, DIFC, Dubai"
"Dubai at Jumeirah Beach","Jumeirah Beach Road, Jumeirah 2"
"San Francisco at Embarcadero","222 Sansome Street, San Francisco, California 94104"
"Firenze","Borgo Pinti 99, 50121 Firenze, Italy"
"Fort Lauderdale","525 North Fort Lauderdale Beach Boulevard, Fort Lauderdale, Florida 33304, U.S.A."
"Geneva","33, Quai des Bergues, 1201 Geneva, Switzerland"
"Golden Triangle","499 MOO1 T. Vieng, Chiang Rai, Chiang Saen District, Chiang Rai 57150, Thailand"
"The Grand Suitesat Four Seasons","Estrada da Baía de N. Senhora da Esperança, S/N, Taipa, Macau"
"Guangzhou","5 Zhujiang West Road, Pearl River New City, Tianhe District, Guangzhou, China, 510623"
"Hampshire","Dogmersfield Park, Chalky Lane, Dogmersfield, Hampshire RG27 8TD, England"
"Hangzhou at West Lake","5 Lingyin Road, Hangzhou, Zhejiang, 310013"
"The Nam Hai, Hoi An, Vietnam","Block Ha My Dong B, Dien Duong Ward"
"Hong Kong","8 Finance Street, Central, Hong Kong, China"
"Houston","1300 Lamar Street, Houston, Texas 77010-3017, USA"
"Hualalai","72-100 Ka`upulehu Drive, Kailua-Kona, Hawaii 96740 U.S.A."
"Istanbul at Sultanahmet","Tevkifhane Sokak No. 1"
"Jackson Hole","7680 Granite Loop Road, P.O. Box 544, Teton Village, Wyoming 83025, U.S.A."
"Jakarta","Capital Place, Jalan Jend. Gatot Subroto Kav 18, Kuningan Barat, Jakarta, Indonesia"
"Bali at Jimbaran Bay","Jimbaran, Bali, 80361"
"The Westcliff, Johannesburg","67 Jan Smuts Avenue, Westcliff Johannesburg"
"Koh Samui","219 Moo 5, Angthong, Koh Samui, Surat Thani 84140, Thailand"
"Kuala Lumpur","Four Seasons Place, 145 Jalan Ampang, 50450 Kuala Lumpur, Malaysia"
"Kuwait at Burj Alshaya","Al Soor Street, Al Mirqab, PO Box 735"
"Kyoto","445-3, Myohoin Maekawa-cho, Higashiyama-ku, Kyoto 605-0932, Japan"
"Lanai","Lanai City, Hawaii 96763 U.S.A."
"Langkawi","Jalan Tanjung Rhu, 07000 Langkawi, Kedah Darul Aman, Malaysia"
"Las Vegas","3960 Las Vegas Boulevard South, Las Vegas, Nevada 89119 U.S.A."
"Lisbon","Rua Rodrigo da Fonseca, 88, Lisbon 1099-039"
"London at Park Lane","Hamilton Place, Park Lane, W1J 7DR London, England"
"Los Angeles at Beverly Hills","300 South Doheny Drive, Los Angeles, California 90048 U.S.A."
"Los Cabos","C. Eureka s/n La Ribera, Los Cabos, CP, 23570 Baja California Sur, México"
"Macao Cotai Strip","Estrada da Baía de N. Senhora da Esperança, S/N, Taipa, Macau, China"
"Madrid","Calle de Sevilla, 3, 28014 Madrid, Spain"
"Maldives at Kuda Huraa","North Malé Atoll, Maldives"
"Maldives at Landaa Giraavaru","Baa Atoll, Maldives"
"Nashville","100 Demonbreun St, Nashville, TN 37201"
"Voavah at Baa Atoll","Baa Atoll, Maldives"
"Marrakech","1 Boulevard de la Menara, Marrakech, 40000"
"Maui at Wailea","3900 Wailea Alanui Drive, Maui, Hawaii"
"Mauritius at Anahita","Coastal Road, Beau Champ, Mauritius"
"Megève","373 Chemin des Follieres, Megève, France 74120"
"Les Chalets du Mont D’Arbois, Megève","447 Chemin de la Rocaille, 74120 Megève, France"
"Mexico City","Paseo de la Reforma #500, Colonia Juarez, Mexico City, 06600 Mexico"
"Miami","1435 Brickell Avenue, Miami, Florida 33131 U.S.A."
"Milano","Via Gesù, 6/8, 20121 Milano, Italy"
"Minneapolis","245 Hennepin Avenue, Minneapolis, Minnesota"
"Montreal","1440 rue de la Montagne, Montreal QC, H3G 1Z5, Canada"
"Mumbai","1/136, Dr. E. Moses Road, 400 018 Worli, Mumbai, India"
"Napa Valley","400 Silverado Trail, Calistoga, California 94515, U.S.A."
"Naviva®","Punta Mita, Nayarit, 63734"
"Nevis, West Indies","P.O. Box 565, Pinney’s Beach, Charlestown, Nevis West Indies, Caribbean"
"New Orleans","2 Canal Street, New Orleans, Louisiana, 70130 U.S.A."
"New York","57 East 57th Street, New York, New York 10022 U.S.A."
"New York Downtown","27 Barclay Street, New York, New York 10007, U.S.A."
"O‘ahu at Ko Olina","92-1001 Olani Street, Kapolei, Hawaii 96707 U.S.A."
"The Ocean Club, A Four Seasons Resort, Bahamas","One Ocean Drive, Paradise Island, Bahamas"
"One Dalton Street, Boston","1 Dalton Street, Boston, MA 02115-3900, U.S.A."
"Orlando at Walt Disney World® Resort","10100 Dream Tree Blvd, Lake Buena Vista, Florida 32836 U.S.A."
"Tokyo at Otemachi","1-2-1 Otemachi, Chiyoda-ku, Tokyo, Japan"
"Palm Beach","2800 South Ocean Boulevard, Palm Beach"
"Paris","31, avenue George V, 75008 Paris, France"
"Philadelphia at Comcast Center","One North 19th Street, Philadelphia, Pennsylvania 19103 U.S.A."
"Prague","Veleslavínova 2a/1098, 110 00 Praha 1, Czech Republic"
"Punta Mita","Punta Mita, Bahía de Banderas, Nayarit, 63734"
"Riyadh at Kingdom Centre","Kingdom Centre, P.O. Box 231000"
"San Francisco","757 Market Street, San Francisco, CA 94103, U.S.A."
"Santa Barbara","1260 Channel Drive, Santa Barbara, California 93108 U.S.A."
"Santa Fe","198 State Road 592, Santa Fe, New Mexico 87506 U.S.A."
"Bali at Sayan","Sayan, Ubud, Bali, Indonesia"
"Scottsdale at Troon North","10600 East Crescent Moon Drive, Scottsdale, Arizona 85262-8342, USA"
"Seattle","99 Union Street, Seattle, Washington 98101 U.S.A."
"Sensei Lanai,A Four Seasons Resort","One Keomoku Highway, P.O. Box 631380, Lanai City, Hawaii 96763 U.S.A."
"Seoul","97 Saemunan-ro, Jongno-gu, Seoul, 03183, Korea"
"Serengeti","Central Serengeti, Serengeti National Park, P.O. Box 14321"
"Seychelles","Petite Anse, Baie Lazare, P.O Box 1397, Victoria, Mahé"
"Seychelles at Desroches Island","Desroches Island, Seychelles"
"Sharm El Sheikh","1 Four Seasons Boulevard, P.O. Box 203"
"Shenzhen","138 Fuhua Third Road, Futian District, Shenzhen, Guangdong 518048 China"
"Silicon Valley at East Palo Alto","2050 University Avenue, East Palo Alto, California 94303 U.S.A."
"Singapore","190 Orchard Boulevard"
"St. Louis","999 North 2nd Street"
"at The Surf Club","9011 Collins Avenue, Surfside, Florida 33154, U.S.A."
"Sydney","199 George Street, Sydney, NSW 2000 Australia"
"Tamarindo, México","K.M. 7.5 - Carretera Federal 200, Barra de Navidad, 48898 La Huerta, Jalisco, México"
"San Domenico Palace, TaorminaA Four Seasons Hotel","Piazza San Domenico, 5, 98039, Taormina, Italy"
"London at Ten Trinity Square","10 Trinity Square, London, EC3N 4AJ"
"The Pearl-Qatar","Porto Arabia Drive 127, The Pearl-Qatar, Doha"
"Tianjin","138 Chifeng Road, 300041 Heping District, Tianjin, China"
"Tokyo at Marunouchi","1-11-1 Pacific Century Place, Marunouchi, Chiyoda-ku, Tokyo 100-6277 Japan"
"Toronto","60 Yorkville Avenue, Toronto, Ontario M4W 0A4 Canada"
"Tunis","Zone Touristique Cap Gammarth, 1057 La Marsa, Tunisia"
"Vail","One Vail Road, Vail"
"Washington, DC","2800 Pennsylvania Avenue NW"
"Westlake Village","Two Dole Drive, Westlake Village, California 91362, U.S.A."
"Whistler","4591 Blackcomb Way, Whistler, British Columbia V8E 0Y4 Canada"